OBJECT_NAME,OBJECT_ID,EPOCH,MEAN_MOTION,ECCENTRICITY,INCLINATION,RA_OF_ASC_NODE,ARG_OF_PERICENTER,MEAN_ANOMALY,EPHEMERIS_TYPE,CLASSIFICATION_TYPE,NORAD_CAT_ID,ELEMENT_SET_NO,REV_AT_EPOCH,BSTAR,MEAN_MOTION_DOT,MEAN_MOTION_DDOT
OSCAR 7 (AO-7),1974-089B,2026-10-05T14:18:08.275104,12.53699863,.00119454,101.9911,292.9943,281.0242,198.7430,0,U,7530,999,37435,.44466487E-4,-.39E-6,0
PHASE 3B (AO-10),1983-058B,2026-10-03T03:33:22.732128,2.05869834,.59765638,25.9833,201.9435,145.2340,274.6807,0,U,14129,999,29771,0,-.15E-5,0
UOSAT 2 (UO-11),1984-021B,2026-10-05T14:59:24.255456,14.91032098,.00077046,97.8213,243.0680,167.2458,192.8957,0,U,14781,999,27358,.82925125E-4,.764E-5,0
LUSAT (LO-19),1990-005G,2026-10-05T13:19:05.747232,14.34147713,.00106317,98.8801,303.3771,239.6754,120.3379,0,U,20442,999,91821,.35353435E-4,.52E-6,0
EYESAT A (AO-27),1993-061C,2026-10-05T09:48:32.587200,14.30964881,.00092327,98.6768,345.7183,132.3612,227.8354,0,U,22825,999,72276,.33434251E-4,.43E-6,0
ITAMSAT (IO-26),1993-061D,2026-10-05T10:12:07.483968,14.31394090,.00099491,98.6715,345.6637,117.1971,243.0227,0,U,22826,999,72308,.34140731E-4,.46E-6,0
RADIO ROSTO (RS15),1994-085A,2026-10-05T14:56:27.927744,11.27584136,.01596701,64.8134,124.6098,344.1280,15.4673,0,U,23439,999,30835,.3720515E-3,-.29E-6,0
JAS-2 (FO-29),1996-046B,2026-10-05T11:20:03.074784,13.53278662,.0350001,98.5146,112.2186,170.0623,190.7679,0,U,24278,999,48808,.29872942E-4,-.5E-7,0
TECHSAT 1B (GO-32),1998-043D,2026-10-05T13:20:29.758272,14.24445585,.00002913,99.0170,274.1509,228.1466,131.9687,0,U,25397,999,46704,.34602896E-4,.33E-6,0
ISS (ZARYA),1998-067A,2026-10-05T11:57:27.650880,15.48742155,.00068774,51.6314,114.1795,225.7345,134.3079,0,U,25544,999,58885,.10195541E-3,.5123E-4,0
PCSAT (NO-44),2001-043C,2026-10-05T12:19:43.384512,14.31989120,.00059932,67.0512,318.9101,274.4239,85.6178,0,U,26931,999,30624,.48787844E-4,.48E-6,0
SAUDISAT 1C (SO-50),2002-058C,2026-10-04T22:15:45.319104,14.83240500,.00707814,64.5516,149.3997,242.2231,117.1687,0,U,27607,999,28073,.76004876E-4,.492E-5,0
CUTE-1 (CO-55),2003-031E,2026-10-04T23:21:06.774048,14.24389855,.00087347,98.6771,285.1723,221.9892,138.0618,0,U,27844,999,20730,.99190438E-4,.186E-5,0
CUBESAT XI-IV (CO-57),2003-031J,2026-10-05T13:53:53.384640,14.23667535,.00084425,98.6804,285.3945,240.9891,119.0442,0,U,27848,999,20708,.8421003E-4,.148E-5,0
MOZHAETS 4 (RS22),2003-042A,2026-10-05T15:05:52.926720,14.73622230,.00099836,98.3477,106.1461,280.3925,168.8255,0,U,27939,999,23181,.58158512E-4,.325E-5,0
CUBESAT XI-V,2005-043F,2026-10-05T09:33:36.893088,14.72863710,.00133651,98.3125,76.4517,211.8950,148.1449,0,U,28895,999,11797,.15485998E-3,.939E-5,0
CUTE-1.7+APD II (CO-65),2008-021C,2026-10-05T14:09:32.374656,15.10308216,.00092473,97.8404,262.4546,23.7097,336.4556,0,U,32785,999,186,.24529486E-3,.3955E-4,0
SEEDS II (CO-66),2008-021J,2026-10-05T12:51:43.221024,15.36168680,.00002959,97.7575,282.0353,345.0668,15.0566,0,U,32791,999,420,.52248752E-3,.18349E-3,0
YUBILEINY (RS30),2008-025A,2026-10-05T14:16:34.824864,12.43183558,.00206657,82.4994,286.7655,72.0739,288.2592,0,U,32953,999,83341,.3786015E-3,.63E-6,0
KKS-1 (KISEKI),2009-002H,2026-10-05T13:19:08.490432,14.83351942,.00065948,98.1180,202.7452,298.6054,61.4495,0,U,33499,999,95255,.10689924E-3,.82E-5,0
SWISSCUBE,2009-051B,2026-10-05T14:06:03.241728,14.62651235,.00056615,98.3942,188.3496,222.9271,137.1489,0,U,35932,999,90529,.12615146E-3,.592E-5,0
BEESAT-1,2009-051C,2026-10-05T07:31:07.417056,14.61863047,.00040105,98.3867,187.4715,240.1875,119.8927,0,U,35933,999,90527,.12222929E-3,.562E-5,0
ITUPSAT1,2009-051E,2026-10-04T17:10:57.238464,14.60571746,.00061748,98.3947,185.9376,258.7642,101.2864,0,U,35935,999,90472,.98064162E-4,.428E-5,0
XIWANG-1 (HOPE-1),2009-072B,2026-10-05T14:15:59.757696,13.16442967,.00074575,100.4166,230.7145,347.3454,12.7471,0,U,36122,999,80753,.27054392E-3,.59E-6,0
O/OREOS (USA 219),2010-062C,2026-10-05T11:33:00.275616,14.94095224,.00157585,71.9704,190.4270,221.0463,138.9523,0,U,37224,999,13311,.11667422E-3,.1186E-4,0
JUGNU,2011-058B,2026-10-04T22:10:43.451328,14.13803034,.00183739,19.9619,1.7145,208.3160,309.4556,0,U,37839,999,77457,.63330116E-4,.389E-5,0
SRMSAT,2011-058D,2026-10-05T05:34:10.047072,14.11596284,.00117249,19.9709,113.3727,334.9905,182.4544,0,U,37841,999,77338,.47824507E-4,.353E-5,0
STRAND-1,2013-009E,2026-10-05T11:22:30.704736,14.37214959,.00074867,98.3970,96.0443,260.3891,99.6450,0,U,39090,999,71290,.74028584E-4,.178E-5,0
ZACUBE-1 (TSHEPISOSAT),2013-066B,2026-10-05T15:06:47.364768,15.01942941,.00375217,97.8192,241.5838,240.4222,119.3261,0,U,39417,999,69730,.2268791E-3,.2948E-4,0
GOMX-1,2013-066Q,2026-10-05T14:56:53.702592,14.69743985,.01294366,97.6423,112.1235,82.5365,279.0527,0,U,39430,999,68613,.13998218E-3,.899E-5,0
CUBEBUG-2 (LO-74),2013-066AA,2026-10-05T10:22:26.145984,14.94385903,.00576728,97.9022,227.9858,23.2293,337.1514,0,U,39440,999,69345,.30097379E-3,.3285E-4,0
FUNCUBE-1 (AO-73),2013-066AE,2026-10-05T10:40:54.371136,15.10789636,.00349463,97.8417,252.3841,185.0638,175.0243,0,U,39444,999,69630,.34169101E-3,.5686E-4,0
UWE-3,2013-066AG,2026-10-05T14:41:24.562176,14.97678222,.00472955,97.8824,235.5514,312.2364,47.4849,0,U,39446,999,69410,.26680219E-3,.3132E-4,0
UNISAT-6,2014-033C,2026-10-05T10:45:16.685856,14.88704788,.00457436,97.8028,69.3592,65.6665,294.9318,0,U,40012,999,66256,.19546585E-3,.1804E-4,0
QB50P1,2014-033R,2026-10-05T13:18:17.989632,15.19660469,.00079462,98.0960,297.5657,196.7560,163.3412,0,U,40025,999,66978,.2906493E-3,.6126E-4,0
LILACSAT-2,2015-049K,2026-10-05T15:11:29.374368,15.54896782,.00059895,97.4532,319.8786,190.5389,169.5740,0,U,40908,999,61289,.26929388E-3,.1791E-3,0
FOX-1A (AO-85),2015-058D,2026-10-05T09:39:44.454240,14.91449705,.01405995,64.7729,296.3130,15.6532,344.8859,0,U,40967,999,13000,.17536935E-3,.1942E-4,0
CAS-2T & KS-1Q,2016-066G,2026-10-05T11:50:01.314528,14.44880760,.03416722,98.3731,352.9467,154.6358,207.2055,0,U,41847,999,52072,.13611225E-3,.915E-5,0
RADFXSAT (FOX-1B),2017-073E,2026-10-05T14:57:11.297952,15.14177177,.01451172,97.4519,143.5817,307.2552,51.5516,0,U,43017,999,48209,.33475467E-3,.7874E-4,0
DIWATA-2B,2018-084H,2026-10-05T14:11:36.109824,15.00776066,.00131095,98.1160,119.6583,161.4309,198.7394,0,U,43678,999,43277,.96156574E-4,.1156E-4,0
ES'HAIL 2,2018-090A,2026-10-05T12:51:34.214688,1.00271215,.00013009,0.0226,183.8914,40.9485,8.0455,0,U,43700,999,2878,0,0,0
FOX-1CLIFF (AO-95),2018-099N,2026-10-05T02:42:24.826176,15.28745467,.00070055,97.4260,338.0404,327.3977,32.6830,0,U,43770,999,43000,.39171777E-3,.10883E-3,0
ITASAT,2018-099AE,2026-10-05T09:07:17.492448,15.20205335,.00112099,97.3909,327.7079,334.2790,25.7887,0,U,43786,999,42964,.2754038E-3,.5909E-4,0
JY1SAT (JO-97),2018-099AX,2026-10-04T22:02:05.198208,15.36835297,.00043935,97.4005,341.3143,222.3101,137.7805,0,U,43803,999,43046,.54756391E-3,.19664E-3,0
UWE-4,2018-111E,2026-10-05T13:54:05.357088,15.53188765,.00031833,97.5833,212.6196,295.2231,64.8691,0,U,43880,999,42787,.64368987E-3,.4046E-3,0
TIANYAN 01,2019-093C,2026-10-05T13:36:03.675744,14.86656543,.00151197,97.7429,348.0518,84.3859,275.9081,0,U,44881,999,36781,.13994523E-3,.1192E-4,0
RS-44 & BREEZE-KM R/B,2019-096E,2026-10-05T11:20:42.918144,12.79749633,.02163726,82.5166,266.4133,246.4103,111.4144,0,U,44909,999,31645,.8235141E-4,.3E-6,0
SALSAT,2020-068K,2026-10-05T13:43:50.520864,15.31144676,.00075655,97.8888,288.4997,275.7985,84.2392,0,U,46495,999,33224,.21819716E-3,.6483E-4,0
XW-3 (CAS-9),2021-131B,2026-10-05T15:15:56.957760,14.41438645,.00051919,98.4965,10.4215,119.7331,240.4375,0,U,50466,999,25102,.16659548E-3,.496E-5,0
GREENCUBE (IO-117),2022-080E,2026-10-03T23:22:41.820960,6.42583783,.00091626,70.1208,260.3996,266.6515,93.3097,0,U,53109,999,9905,0,-.3E-7,0
UMKA 1 (RS40S),2023-091G,2026-10-05T14:12:20.805408,15.21844039,.00140211,97.4929,336.8690,94.3590,265.9248,0,U,57172,999,18079,.22289174E-3,.5008E-4,0
CUBESX-HSE 3 (RS42S),2023-091N,2026-10-05T14:11:16.955808,15.33608810,.00109871,97.4978,345.6960,65.2559,294.9825,0,U,57178,999,18133,.39077333E-3,.12646E-3,0
MONITOR-3 (RS58S),2023-091Q,2026-10-05T14:47:22.441344,15.29711050,.00123602,97.4967,342.9498,73.4023,286.8574,0,U,57180,999,18116,.33443643E-3,.9572E-4,0
MONITOR-4 (RS57S),2023-091S,2026-10-05T14:07:55.928064,15.29804412,.00123668,97.4960,342.8996,73.7937,286.4663,0,U,57182,999,18116,.34607926E-3,.9937E-4,0
MONITOR-2 (RS39S),2023-091U,2026-10-05T15:03:46.516608,15.19733674,.00125466,97.4949,336.1831,89.2090,271.0582,0,U,57184,999,18072,.18168867E-3,.3821E-4,0
SVYATOBOR 1 (RS60S),2023-091X,2026-10-05T13:50:39.939360,15.28188076,.00102953,97.4973,343.0569,68.6269,291.6068,0,U,57187,999,18116,.28578321E-3,.7787E-4,0
VIZARD-METEO (RS38S),2023-091Z,2026-10-05T14:00:20.013408,15.39182531,.00071654,97.4983,350.4711,46.2155,313.9682,0,U,57189,999,18165,.43490719E-3,.16839E-3,0
POLYTECH-UNIVERSE 3 (RS46S),2023-091AB,2026-10-05T13:45:41.547456,15.19956645,.00167556,97.4925,335.6347,103.9517,256.3582,0,U,57191,999,18071,.20202188E-3,.4291E-4,0
UTMN 2 (RS27S),2023-091AP,2026-10-05T14:46:14.931840,15.34406795,.00081613,97.4977,347.4877,55.5913,304.6100,0,U,57203,999,18146,.37212595E-3,.12337E-3,0
KUZGTU 1 (RS47S),2023-091AV,2026-10-05T14:56:43.884960,15.32025930,.00115007,97.4948,344.3295,69.5235,290.7240,0,U,57217,999,18127,.36896926E-3,.11357E-3,0
SONATE-2,2024-043Q,2026-10-05T09:09:14.773536,15.67918559,.00052919,97.5632,76.3716,153.5685,206.5847,0,U,59112,999,14510,.63349552E-3,.70201E-3,0
MESAT1,2024-125G,2026-10-05T14:20:38.246496,15.79710281,.00075887,97.2063,139.6671,144.4258,215.7517,0,U,60209,999,12689,.7209919E-3,.133452E-2,0
GRBBETA,2024-128C,2026-10-05T11:59:39.683904,15.07272683,.00243274,61.9896,189.0347,159.0471,201.1625,0,U,60237,999,12289,.17802576E-3,.2498E-4,0
OOV-CUBE (TUBSAT-30),2024-128F,2026-10-05T11:53:40.202016,15.03152692,.00287723,61.9942,200.8143,159.7183,200.5059,0,U,60240,999,12269,.97665587E-4,.1124E-4,0
COLIBRI-S (RS67S),2024-199M,2026-10-05T14:11:29.245344,15.52131031,.00054849,97.2756,153.6766,225.5456,134.5349,0,U,61746,999,15451,.38874786E-3,.23448E-3,0
HORS 3 (RS81S),2024-199U,2026-10-05T14:56:59.746272,15.63278239,.00034982,97.2762,157.1874,194.2012,165.9149,0,U,61753,999,15476,.53329731E-3,.48973E-3,0
HORS 4 (RS82S),2024-199V,2026-10-05T15:10:19.909632,15.72488069,.00037916,97.2685,159.4115,165.3886,194.7488,0,U,61754,999,15492,.62828581E-3,.84228E-3,0
SIT-2086,2024-199AF,2026-10-05T14:33:33.543936,15.61360096,.00047231,97.2719,157.2612,182.4672,177.6564,0,U,61764,999,15161,.53426742E-3,.45541E-3,0
ALTAIR (RS65S),2024-199AW,2026-10-05T14:10:08.797440,15.38841271,.00101796,97.2841,147.2515,268.4947,91.5133,0,U,61779,999,15408,.20019766E-3,.762E-4,0
ASRTU-1 (AO-123),2024-199AY,2026-10-05T14:59:41.110368,15.37091319,.00114235,97.2808,146.3023,272.5651,87.4286,0,U,61781,999,15088,.20216999E-3,.7272E-4,0
SAMSAT-IONOSPHERE (RS75S),2024-199BB,2026-10-05T15:07:13.549152,15.69168858,.00048502,97.2713,157.8572,197.4481,162.6615,0,U,61784,999,15481,.63351501E-3,.739E-3,0
RTU MIREA 1 (RS51S),2024-199BC,2026-10-05T14:23:18.233376,15.77538528,.00046115,97.2689,159.5309,176.4569,183.6731,0,U,61785,999,15177,.76881566E-3,.128935E-2,0
LASARSAT,2024-247Q,2026-10-05T12:24:27.147168,15.53537553,.00098022,44.9733,358.9867,323.1518,36.8700,0,U,62391,999,10043,.68551092E-3,.44597E-3,0
CROCUBE,2024-247T,2026-10-04T12:06:26.064576,15.56657973,.00103489,44.9705,359.7387,328.4210,31.6061,0,U,62394,999,10033,.65548665E-3,.47886E-3,0
TEVEL2-4,2025-052D,2026-10-05T15:20:52.890720,15.38189140,.00047717,97.3741,175.4042,79.8204,280.3579,0,U,63213,999,8707,.53126134E-3,.19933E-3,0
TEVEL2-5,2025-052E,2026-10-05T05:15:36.390816,15.37938303,.00046827,97.3733,174.8935,82.1293,278.0484,0,U,63214,999,8700,.64570623E-3,.2406E-3,0
TEVEL2-6,2025-052F,2026-10-05T14:58:57.455904,15.37921723,.00046426,97.3744,175.2858,82.3549,277.8223,0,U,63215,999,8706,.51984737E-3,.19332E-3,0
TEVEL2-1,2025-052H,2026-10-05T05:46:45.602112,15.37235911,.00049011,97.3713,174.3821,90.1554,270.0252,0,U,63217,999,8698,.62239997E-3,.22665E-3,0
TEVEL2-3,2025-052J,2026-10-05T14:54:19.525248,15.37330582,.00046503,97.3718,174.8031,89.7281,270.4496,0,U,63218,999,8704,.51927579E-3,.18944E-3,0
TEVEL2-2,2025-052K,2026-10-05T15:08:18.844224,15.37263662,.00049457,97.3713,174.7783,89.7168,270.4644,0,U,63219,999,8704,.49779072E-3,.18116E-3,0
OTP-2,2025-052AB,2026-10-05T05:23:50.061408,15.25256164,.00075273,97.3700,169.0142,124.5184,235.6766,0,U,63235,999,8663,.2918258E-3,.7273E-4,0
TEVEL2-9,2025-052AD,2026-10-05T15:08:14.955360,15.34975567,.000794,97.3775,173.8894,102.8169,257.3962,0,U,63237,999,8695,.49594383E-3,.16779E-3,0
TEVEL2-7,2025-052AE,2026-10-05T15:08:07.286496,15.34594401,.00078659,97.3779,173.7520,104.2962,255.9155,0,U,63238,999,8694,.48324978E-3,.16149E-3,0
TEVEL2-8,2025-052AF,2026-10-05T15:21:16.651584,15.34584697,.00080784,97.3774,173.7353,102.0664,258.1485,0,U,63239,999,8694,.48931744E-3,.16349E-3,0
INNOSAT 16 (RS92S7),2025-155C,2026-10-05T14:58:55.752960,15.26485426,.0011147,97.4716,245.5734,147.3734,212.8195,0,U,64878,999,9751,.17890917E-3,.46E-4,0
GEOSCAN 6 (RS92S6),2025-155D,2026-10-05T15:06:15.068448,15.32044471,.00088908,97.4699,247.8508,133.7547,226.4432,0,U,64879,999,9766,.29576622E-3,.9083E-4,0
GEOSCAN 1 (RS92S1),2025-155E,2026-10-05T13:58:51.408480,15.32809159,.00087962,97.4694,248.0610,133.4458,226.7517,0,U,64880,999,9767,.32792937E-3,.10326E-3,0
239ALFEROV (RS61S),2025-155F,2026-10-05T15:07:41.995488,15.35703092,.00085357,97.4688,249.0967,130.4238,229.7751,0,U,64881,999,9774,.3950788E-3,.1366E-3,0
GEOSCAN 2 (RS92S2),2025-155Q,2026-10-05T14:57:32.738976,15.33052970,.00084791,97.4694,248.2962,121.7359,238.4710,0,U,64890,999,9769,.31275223E-3,.9919E-4,0
GEOSCAN 5 (RS92S5),2025-155R,2026-10-05T14:20:58.577280,15.35992098,.00073963,97.4682,249.2413,132.7023,227.4844,0,U,64891,999,9775,.41029678E-3,.14318E-3,0
GEOSCAN 4 (RS92S4),2025-155S,2026-10-05T15:13:18.513984,15.36198693,.0007284,97.4687,249.3645,131.9438,228.2428,0,U,64892,999,9776,.39142452E-3,.13745E-3,0
GEOSCAN 3 (RS92S3),2025-155T,2026-10-05T14:19:19.871328,15.38923404,.00073879,97.4670,250.1327,129.9574,230.2321,0,U,64893,999,9781,.46641841E-3,.17917E-3,0
INNOSAT 3 (RS92S0),2025-155U,2026-10-05T14:20:47.774688,15.52326516,.00072626,97.4611,253.4903,120.9557,239.2410,0,U,64894,999,9804,.75137884E-3,.45876E-3,0
KNACKSAT-2,1998-067YA,2026-10-05T05:27:24.033600,15.71385225,.00086295,51.6238,96.5702,253.3834,106.6216,0,U,67683,999,3751,.73654244E-3,.96553E-3,0
MARINA,2026-156BD,2026-10-05T11:21:22.974048,14.92224920,.00064947,97.7427,177.4352,205.2263,154.8640,0,U,69920,999,1344,.16239884E-3,.16E-4,0
JAMX01 (JING'AN DREAM STAR),2026-195A,2026-10-05T13:15:54.948384,15.09514367,.00144765,97.5364,351.6513,114.7271,245.5467,0,U,100465,999,624,.30623152E-3,.4858E-4,0
